,Model,Accuracy Score
0,Random Forrest,0.7057142857142857
1,Logistic Regression,0.6942857142857143
2,SVM,0.7285714285714285
3,Neural Network,0.6857143044471741
4,SVM with Top Features,0.7142857142857143
5,Logistic Regression with Top Features,0.7257142857142858
6,Neural Network with Top Features,0.7400000095367432
